WP	WO	TC	sequence	scope	est-min
OH-LZK/H-21 C04		ZL-451-01-2 A	1	MECH-ENG	0.833333
OH-LZK/H-21 C04	5564831		1	AVIO	7.700000
OH-LZK/H-21 C04	5564831		2	AVIO	9.400000
OH-LZK/H-21 C04	5564832		1	MECH-ENG	21.600000
OH-LZK/H-21 C04	5564832		2	MECH-ENG	26.400000
OH-LZK/H-21 C04	5564833		1	MECH-EXT	24.216666
